app_id,name,release_date,developers,publishers,genres,categories,price,metacritic_score,recommendations
1245620,ELDEN RING,"24 Feb, 2022","FromSoftware, Inc.","FromSoftware, Inc., Bandai Namco Entertainment","Action, RPG","Single-player, Multi-player, PvP, Online PvP, Co-op, Online Co-op, Steam Achievements, Full controller support, Steam Trading Cards, Camera Comfort, Custom Volume Controls, Playable without Timed Input, Save Anytime, Stereo Sound, Surround Sound, Steam Cloud, Family Sharing",3999,94.0,823947
1086940,Baldur's Gate 3,"3 Aug, 2023",Larian Studios,Larian Studios,"Adventure, RPG, Strategy","Single-player, Multi-player, Co-op, Online Co-op, LAN Co-op, Cross-Platform Multiplayer, Steam Achievements, Full controller support, Steam Trading Cards, Adjustable Text Size, Camera Comfort, Color Alternatives, Custom Volume Controls, Adjustable Difficulty, Playable without Timed Input, DualShock Controller Support, DualShock Controller Support, DualSense Controller Support, DualSense Controller Support, Save Anytime, Stereo Sound, Subtitle Options, Surround Sound, Steam Cloud, Remote Play on TV, Remote Play Together, Family Sharing",79900,96.0,746244
730,Counter-Strike 2,"21 Aug, 2012",Valve,Valve,"Action, Free To Play","Multi-player, Cross-Platform Multiplayer, Steam Trading Cards, Steam Workshop, In-App Purchases, Adjustable Text Size, Camera Comfort, Color Alternatives, Custom Volume Controls, Playable without Timed Input, Stereo Sound, Surround Sound, Valve Anti-Cheat enabled, Stats, Remote Play on Phone, Remote Play on Tablet, Remote Play on TV, Steam Timeline",0,,5175005
2357570,Overwatch®,"10 Aug, 2023","Blizzard Entertainment, Inc.","Blizzard Entertainment, Inc.","Action, Free To Play","Multi-player, PvP, Online PvP, Co-op, Online Co-op, Cross-Platform Multiplayer, Steam Achievements, Full controller support, In-App Purchases, Adjustable Text Size, Camera Comfort, Chat Speech-to-text, Chat Text-to-speech, Color Alternatives, Custom Volume Controls, Playable without Timed Input, DualShock Controller Support, DualSense Controller Support, DualSense Controller Support, Stereo Sound, Subtitle Options, Surround Sound",0,,274
2767030,Marvel Rivals,"5 Dec, 2024",NetEase Games,NetEase Games,"Action, Free To Play","Multi-player, PvP, Online PvP, Co-op, Online Co-op, Cross-Platform Multiplayer, Steam Achievements, Full controller support, In-App Purchases, DualShock Controller Support, DualShock Controller Support, DualSense Controller Support, DualSense Controller Support, Family Sharing",0,,0
1091500,Cyberpunk 2077,"9 Dec, 2020",CD PROJEKT RED,CD PROJEKT RED,RPG,"Single-player, Steam Achievements, Full controller support, Steam Trading Cards, Adjustable Text Size, Camera Comfort, Color Alternatives, Custom Volume Controls, Adjustable Difficulty, Playable without Timed Input, DualShock Controller Support, DualSense Controller Support, DualSense Controller Support, Save Anytime, Stereo Sound, Subtitle Options, Surround Sound, Steam Cloud, HDR available, Family Sharing",4499,86.0,869983
275850,No Man's Sky,"12 Aug, 2016",Hello Games,Hello Games,"Action, Adventure","Single-player, Multi-player, PvP, Online PvP, Co-op, Online Co-op, Cross-Platform Multiplayer, Steam Achievements, Full controller support, Tracked Controller Support, VR Supported, Steam Trading Cards, Adjustable Text Size, Camera Comfort, Chat Speech-to-text, Color Alternatives, Custom Volume Controls, Adjustable Difficulty, Playable without Timed Input, DualShock Controller Support, DualShock Controller Support, DualSense Controller Support, DualSense Controller Support, Save Anytime, Steam Input API Support, Stereo Sound, Subtitle Options, Surround Sound, Steam Cloud, Remote Play on Tablet, Remote Play on TV, HDR available, Family Sharing",19960,61.0,309962
578080,PUBG: BATTLEGROUNDS,"21 Dec, 2017",PUBG Corporation,"KRAFTON, Inc.","Action, Adventure, Massively Multiplayer, Free To Play","Multi-player, PvP, Online PvP, Custom Volume Controls, Stereo Sound, Surround Sound, Partial Controller Support, Stats, Remote Play on Phone, Remote Play on Tablet, Family Sharing",0,,1761807
1938090,Call of Duty®,"27 Oct, 2022","Treyarch, Raven Software, Beenox, High Moon Studios, Sledgehammer Games, Infinity Ward, Activision Shanghai, Demonware",Activision,Action,"Single-player, Multi-player, PvP, Online PvP, Co-op, Online Co-op, Cross-Platform Multiplayer, Steam Achievements, Captions available, In-App Purchases, Adjustable Text Size, Camera Comfort, Color Alternatives, Custom Volume Controls, Playable without Timed Input, DualShock Controller Support, DualShock Controller Support, DualSense Controller Support, DualSense Controller Support, Steam Input API Support, Stereo Sound, Subtitle Options, Surround Sound, Partial Controller Support, HDR available",0,,410280
553850,HELLDIVERS™ 2,"8 Feb, 2024",Arrowhead Game Studios,PlayStation Publishing LLC,Action,"Multi-player, Co-op, Online Co-op, Steam Achievements, In-App Purchases, Adjustable Text Size, Camera Comfort, Chat Speech-to-text, Chat Text-to-speech, Color Alternatives, Custom Volume Controls, Adjustable Difficulty, Narrated Game Menus, Playable without Timed Input, DualShock Controller Support, DualSense Controller Support, DualSense Controller Support, Stereo Sound, Subtitle Options, Surround Sound, Partial Controller Support, Family Sharing",3999,,831342
292030,The Witcher 3: Wild Hunt,"18 May, 2015",CD PROJEKT RED,CD PROJEKT RED,RPG,"Single-player, Steam Achievements, Steam Trading Cards, Steam Workshop, Adjustable Text Size, Camera Comfort, Color Alternatives, Custom Volume Controls, Adjustable Difficulty, Playable without Timed Input, Save Anytime, Stereo Sound, Surround Sound, Partial Controller Support, Steam Cloud, Remote Play on Tablet, Remote Play on TV, HDR available, Family Sharing",12999,93.0,823527
489830,The Elder Scrolls V: Skyrim Special Edition,"27 Oct, 2016",Bethesda Game Studios,Bethesda Softworks,RPG,"Single-player, Steam Achievements, Playable without Timed Input, Save Anytime, Stereo Sound, Surround Sound, Partial Controller Support, Steam Cloud, Remote Play on Phone, Remote Play on Tablet, Family Sharing",2499,74.0,214570
2054970,Dragon's Dogma 2,"21 Mar, 2024","CAPCOM Co., Ltd.","CAPCOM Co., Ltd.","Action, RPG","Single-player, Steam Achievements, Steam Trading Cards, Gamepad Recommended, DualShock Controller Support, DualSense Controller Support, Partial Controller Support, Steam Cloud, HDR available, Family Sharing",59900,88.0,75474
377160,Fallout 4,"9 Nov, 2015",Bethesda Game Studios,Bethesda Softworks,RPG,"Single-player, Steam Achievements, Full controller support, Playable without Timed Input, Save Anytime, Stereo Sound, Surround Sound, Steam Cloud, Remote Play on Phone, Remote Play on Tablet, Remote Play on TV, Family Sharing",29900,84.0,288487
1172470,Apex Legends™,"4 Nov, 2020",Respawn,Electronic Arts,"Action, Adventure, Free To Play","Multi-player, PvP, Online PvP, Co-op, Online Co-op, Steam Achievements, Full controller support, Steam Trading Cards, In-App Purchases, Chat Speech-to-text, Playable without Timed Input, DualShock Controller Support, DualSense Controller Support, DualSense Controller Support",0,88.0,1581
1085660,Destiny 2,"1 Oct, 2019",Bungie,Bungie,"Action, Adventure, Free To Play","Single-player, Multi-player, PvP, Online PvP, Co-op, Online Co-op, Steam Achievements, In-App Purchases, Color Alternatives, Custom Volume Controls, DualShock Controller Support, DualSense Controller Support, Subtitle Options, Partial Controller Support, Family Sharing",0,83.0,138849
359550,Tom Clancy's Rainbow Six Siege,"1 Dec, 2015",Ubisoft Montreal,Ubisoft,"Action, Free To Play","Single-player, Multi-player, PvP, Online PvP, Co-op, Online Co-op, Full controller support, Steam Trading Cards, In-App Purchases, DualShock Controller Support, DualShock Controller Support, DualSense Controller Support, DualSense Controller Support, Remote Play on Phone, Remote Play on Tablet",0,,1247081
1517290,Battlefield™ 2042,"19 Nov, 2021",DICE,Electronic Arts,"Action, Adventure, Casual","Multi-player, PvP, Online PvP, Co-op, Online Co-op, Steam Achievements, Full controller support, Steam Trading Cards, In-App Purchases, Color Alternatives, Custom Volume Controls, DualShock Controller Support, DualShock Controller Support, DualSense Controller Support, DualSense Controller Support, Stereo Sound, Surround Sound, HDR available",5999,,259801
440,Team Fortress 2,"10 Oct, 2007",Valve,Valve,"Action, Free To Play","Multi-player, Cross-Platform Multiplayer, Steam Achievements, Steam Trading Cards, Captions available, Steam Workshop, In-App Purchases, Camera Comfort, Color Alternatives, Custom Volume Controls, Stereo Sound, Surround Sound, Partial Controller Support, Valve Anti-Cheat enabled, Stats, Includes level editor, Commentary available, Remote Play on Phone, Remote Play on Tablet",0,92.0,47453
444090,Paladins®,"8 May, 2018",Evil Mojo Games,Hi-Rez Studios,"Action, Adventure, Massively Multiplayer, Strategy, Free To Play","Multi-player, PvP, Online PvP, Cross-Platform Multiplayer, Steam Achievements, Full controller support, Steam Trading Cards, In-App Purchases, Remote Play on Phone, Remote Play on Tablet, Family Sharing",0,83.0,8729
1097150,Fall Guys,"3 Aug, 2020",Mediatonic,,"Action, Casual, Indie, Massively Multiplayer, Sports","Multi-player, MMO, PvP, Online PvP, Co-op, Online Co-op, Steam Achievements, In-App Purchases, Partial Controller Support, Remote Play on Phone, Remote Play on Tablet",0,80.0,412071
2215430,Ghost of Tsushima DIRECTOR'S CUT,"16 May, 2024","Sucker Punch Productions, Nixxes Software",PlayStation Publishing LLC,"Action, Adventure","Single-player, Multi-player, PvP, Online PvP, Co-op, Online Co-op, Steam Achievements, Full controller support, Steam Trading Cards, Adjustable Text Size, Camera Comfort, Color Alternatives, Custom Volume Controls, Adjustable Difficulty, Playable without Timed Input, DualShock Controller Support, DualShock Controller Support, DualSense Controller Support, DualSense Controller Support, Save Anytime, Steam Input API Support, Stereo Sound, Subtitle Options, Surround Sound, Steam Cloud, HDR available, Family Sharing",5999,,62895
1593500,God of War,"14 Jan, 2022","Santa Monica Studio, Jetpack Interactive",PlayStation Publishing LLC,"Action, Adventure, RPG","Single-player, Steam Achievements, Full controller support, Adjustable Text Size, Camera Comfort, Color Alternatives, Custom Volume Controls, Adjustable Difficulty, Keyboard Only Option, Narrated Game Menus, Playable without Timed Input, DualShock Controller Support, DualShock Controller Support, DualSense Controller Support, DualSense Controller Support, Save Anytime, Stereo Sound, Subtitle Options, Surround Sound, Steam Cloud, Remote Play on TV, Family Sharing",4999,93.0,127980
1174180,Red Dead Redemption 2,"5 Dec, 2019",Rockstar Games,Rockstar Games,"Action, Adventure","Single-player, Multi-player, PvP, Online PvP, Co-op, Online Co-op, Steam Achievements, In-App Purchases, Partial Controller Support, Remote Play on Phone, Remote Play on Tablet",1499,93.0,826485
236850,Europa Universalis IV,"13 Aug, 2013","Paradox Development Studio, Paradox Tinto",Paradox Interactive,"Simulation, Strategy","Single-player, Multi-player, PvP, Online PvP, Co-op, Online Co-op, Cross-Platform Multiplayer, Steam Achievements, Steam Trading Cards, Steam Workshop, Steam Cloud, Family Sharing",76300,87.0,95436
281990,Stellaris,"9 May, 2016",Paradox Development Studio,Paradox Interactive,"Simulation, Strategy","Single-player, Multi-player, Cross-Platform Multiplayer, Steam Achievements, Steam Trading Cards, Steam Workshop, Steam Cloud, Family Sharing",76300,78.0,142026
289070,Sid Meier’s Civilization® VI,"20 Oct, 2016","Firaxis Games, Aspyr (Mac), Aspyr (Linux)","2K, Aspyr (Mac), Aspyr (Linux)",Strategy,"Single-player, Multi-player, PvP, Online PvP, LAN PvP, Shared/Split Screen PvP, Shared/Split Screen, Cross-Platform Multiplayer, Steam Achievements, Steam Trading Cards, Steam Workshop, In-App Purchases, Steam Turn Notifications, Remote Play on Tablet, Remote Play Together, Family Sharing",5999,88.0,274079
1142710,Total War: WARHAMMER III,"Feb 16, 2022","CREATIVE ASSEMBLY, Feral Interactive","SEGA, Feral Interactive","Action, Strategy","Single-player, Multi-player, PvP, Online PvP, LAN PvP, Co-op, Online Co-op, LAN Co-op, Steam Achievements, Steam Trading Cards, Camera Comfort, Color Alternatives, Custom Volume Controls, Adjustable Difficulty, Playable without Timed Input, Save Anytime, Stereo Sound, Surround Sound, Steam Cloud, Family Sharing",5999,86.0,102491
1466860,Age of Empires IV: Anniversary Edition,"28 Oct, 2021","World's Edge, Relic Entertainment, Forgotten Empires, Climax Studios",Xbox Game Studios,Strategy,"Single-player, Multi-player, PvP, Online PvP, Co-op, Online Co-op, Cross-Platform Multiplayer, Steam Achievements, Full controller support, DualSense Controller Support, DualSense Controller Support, Steam Input API Support, Family Sharing",32900,81.0,71369
252490,Rust,"8 Feb, 2018",Facepunch Studios,Facepunch Studios,"Action, Adventure, Indie, Massively Multiplayer, RPG","Multi-player, MMO, PvP, Online PvP, Co-op, Online Co-op, Cross-Platform Multiplayer, Steam Achievements, Steam Trading Cards, Steam Workshop, In-App Purchases, Adjustable Text Size, Camera Comfort, Color Alternatives, Custom Volume Controls, Adjustable Difficulty, Stereo Sound, Subtitle Options, Surround Sound, Valve Anti-Cheat enabled, Stats, Remote Play on Tablet",39900,69.0,1153339
346110,ARK: Survival Evolved,"27 Aug, 2017","Studio Wildcard, Instinct Games, Efecto Studios, Virtual Basement LLC","Studio Wildcard, Snail Games USA","Action, Adventure, Indie, Massively Multiplayer, RPG","Single-player, Multi-player, MMO, Co-op, Steam Achievements, Full controller support, Steam Workshop, Steam Cloud, Valve Anti-Cheat enabled, Includes level editor, Remote Play on Tablet, Family Sharing",461,70.0,582425
892970,Valheim,"2 Feb, 2021",Iron Gate AB,Coffee Stain Publishing,"Action, Adventure, Indie, RPG, Early Access","Single-player, Multi-player, Co-op, Online Co-op, Full controller support, Camera Comfort, Custom Volume Controls, Adjustable Difficulty, Save Anytime, Stereo Sound, Steam Cloud, Remote Play on Tablet, Family Sharing",129500,,455387
242760,The Forest,"30 Apr, 2018",Endnight Games Ltd,Endnight Games Ltd,"Action, Adventure, Indie, Simulation","Single-player, Multi-player, Co-op, Online Co-op, LAN Co-op, Tracked Controller Support, VR Supported, Partial Controller Support, Steam Cloud, Family Sharing",819,83.0,577400
