app_id,date,title,event_type
1245620,2026-04-17,ELDEN RING: SHADOW OF THE ERDTREE – Official Vinyl Soundtrack,news
1245620,2026-04-04,Have a gander at this cut Elden Ring scene showing a smidge of DLC boss Miquella's past,news
1245620,2025-12-23,Steam Global Top Sellers for week of 16 Dec — 23 December 2025,news
1245620,2025-12-16,Release Note for 2025/12/16,news
1245620,2025-11-09,"Elden Ring's most comprehensive and faithful fan-made overhaul launches its biggest update yet, with full multiplayer",news
1245620,2025-08-21,ELDEN RING - Patch Notes Version 1.16.1,news
1245620,2025-06-30,The Elden Ring Tarnished Edition DLC could be incredibly close,news
1245620,2025-05-27,"Elden Ring movie release date, cast, and story",news
1245620,2025-05-06,Upcoming Elden Ring DLC is full of reasons to play the GOTY all over again,news
1245620,2025-04-28,That's a lot of Tarnished: over 30 million maidenless masochists have purchased Elden Ring since its launch in 2022,news
1245620,2025-04-11,"Wahey, Dark Souls Remastered's seamless co-op mod is out now, provided you don't mind potentially having to battle some bugs on top of the bosses",news
1245620,2025-04-02,Of course Elden Ring is coming to Switch 2 - and you'll get to play it this year,news
1245620,2025-01-10,Elden Ring 2 can't repeat Dark Souls 2's greatest mistakes,news
1086940,2026-06-19,"Baldur's Gate 3 Path to Menzoberranzan custom campaign modders offer glimpse of their long-awaited demo level's ""dark, ruined dungeon"" as environments near completion",news
1086940,2026-03-28,Baldur's Gate 3 YouTuber discovers 'time travel' glitch that also reveals 4 nude Gales hanging out in your camp for some reason,news
1086940,2026-03-26,Baldur's Gate 3 gets a new hotfix to fix the old hotfix that fixed corrupted saves but started causing crashes,news
1086940,2026-03-26,Hotfix #36 Now Live!,news
1086940,2026-02-23,Elon Musk reportedly delayed a Grok update because it kept getting Baldur's Gate 3 facts wrong,news
1086940,2026-02-16,"Baldur's Gate 3 drops surprise patch nearly a year after ""final"" update, but Larian's really focused on Divinity now, honest",news
1086940,2026-02-16,"Surprise! Baldur's Gate 3 got a fresh patch. Unsurprise! It's vanishingly small, but at least it repairs some corrupted saves",news
1086940,2026-02-01,Larian made a chill beats Baldur's Gate 3 animation full of references to popular mods and memes,news
1086940,2026-01-09,"'I wish Wyll had gotten more content' says the Baldur's Gate 3 writer who wrote him, and splitting his story between devils and dads 'might have been a mistake in hindsight'",news
1086940,2026-01-06,Steam Global Top Sellers for week of 30 Dec 2025 — 6 January 2026,news
1086940,2025-12-30,"Former GTA dev congratulates ""bold"" Larian Studios for stepping away from Baldur's Gate 3",news
1086940,2025-12-30,"Former GTA dev congratulates ""bold"" Larian Studios for stepping away from Baldur's Gate 3",news
1086940,2025-12-30,Steam Global Top Sellers for week of 23 Dec — 30 December 2025,news
1086940,2025-12-25,"Baldur's Gate 3 started on top and kept on climbing: Larian said it wouldn't make a sequel, then drip fed us an expansion's worth of free updates into 2025",news
1086940,2025-12-23,Steam Global Top Sellers for week of 16 Dec — 23 December 2025,news
730,2026-07-15,Counter-Strike 2 Update,news
730,2026-07-09,Counter-Strike 2 Update,news
730,2026-07-09,Counter-Strike 2 Update,news
730,2026-07-09,"Season 5, Armory, and More",news
730,2026-07-03,The Jackass Sticker Capsule,news
730,2026-07-01,Counter-Strike 2 Update,news
730,2026-06-10,Counter-Strike 2 Update,news
730,2026-05-29,Counter-Strike 2 Update,news
730,2026-05-22,Counter-Strike 2 Update,news
730,2026-05-21,Counter-Strike 2 Update,news
730,2026-05-19,Counter-Strike 2 Update,news
730,2026-05-15,Counter-Strike 2 Update,news
730,2026-05-08,Counter-Strike 2 Update,news
730,2026-05-01,Counter-Strike 2 Update,news
730,2026-04-29,Counter-Strike 2 Update,news
730,2026-04-29,Cache arrives in Counter-Strike 2 while Valve continue working on ANIMGRAPH 2,news
730,2026-04-29,The Return Of Cache,news
730,2026-04-29,Counter-Strike 2 Update,news
730,2026-04-25,Counter-Strike 2 Update,news
730,2026-04-23,Counter-Strike 2 Update,news
730,2026-04-22,Counter-Strike 2 Update,news
730,2026-04-21,Counter-Strike 2 Update,news
730,2026-04-21,Counter-Strike 2 Update,news
730,2026-04-17,Counter-Strike 2 Update,news
730,2026-04-15,Counter-Strike 2 Update,news
730,2026-04-10,Animgraph 2 Beta Update,news
730,2026-04-02,Animgraph 2 Beta,news
730,2026-04-02,Counter-Strike 2 Update,news
730,2026-03-19,"Counter-Strike 2 gets a major update with reload changes, custom game modes",news
730,2026-03-19,Counter-Strike 2 Update,news
730,2026-03-19,"Guns, Guides, and Games",news
730,2026-03-17,Counter-Strike 2 Update,news
730,2026-03-12,Counter-Strike 2 Update,news
730,2026-03-05,Counter-Strike 2 Update,news
730,2026-02-26,Counter-Strike 2 Update,news
730,2026-02-24,Counter-Strike 2 Update,news
730,2026-02-10,Counter-Strike 2 Update,news
730,2026-02-05,Counter-Strike 2 Update,news
730,2026-01-30,Counter-Strike 2 Update,news
730,2026-01-27,Counter-Strike 2 Update,news
730,2026-01-23,Counter-Strike 2 Update,news
2357570,2026-06-16,Excavation Initiative,news
2357570,2026-06-16,Overwatch Reign of Talon - Season 3: Into the Tiger's Den Now Live!,news
2357570,2026-06-12,Season 3: Into the Tiger's Den Livestream | Overwatch Breakdown,news
2357570,2026-06-09,End of the Line | Shion Hero Trailer | Overwatch,news
2357570,2026-04-16,Reach Heroic Heights in Reign of Talon - Season 2: Summit,news
2357570,2026-04-14,Overwatch Reign of Talon - Season 2: Summit Now Live!,news
2357570,2026-04-08,Sierra Takes Point,news
2357570,2026-02-20,"Double XP Weekend, Thanks for Playing Week 1!",news
2357570,2026-02-11,Overwatch has returned with new heroes and a new UI,news
2357570,2026-02-10,Overwatch Reign of Talon - Season 1: Conquest Now Live!,news
2357570,2026-02-05,Limited Time Hero Trial: Anran ,news
2357570,2026-02-04,Overwatch Animated Short | “Reign of Talon”,news
2357570,2025-12-18,Winter Wonderland 2025 ,news
2357570,2025-12-10,Overwatch 2 with Season 20 has some very annoying crash-bugs on Linux / SteamOS,news
2357570,2025-12-09,Overwatch 2 Season 20: Vendetta Now Live!,news
2357570,2025-11-26,Limited Time Hero Trial: Vendetta,news
2357570,2025-11-17,La Lupa | Vendetta Hero Trailer | Overwatch 2,news
2357570,2025-11-04,"From Ashes, New Growth",news
2357570,2025-10-28,The Playground Grows,news
2357570,2025-10-09,Overwatch 2 Season 19: Haunted Masquerade Now Live!,news
2767030,2026-07-16,Marvel Rivals Version 20260716 Patch Notes,news
2767030,2026-07-13,Marvel Rivals has upset players yet again with some peculiar balances that buff some of the strongest heroes,news
2767030,2026-07-12,Marvel Rivals Version 20260711 Balance Post,news
2767030,2026-07-11,Valve fix up Marvel Rivals on SteamOS / Linux with Proton Hotfix,news
2767030,2026-07-10,Marvel Rivals needs to pick a lane and either fully embrace balancing for 'fun' long term or stick to some serious changes,news
2767030,2026-07-10,"New Hero, New Rules, New Rivals - Season 9 Arrives",news
2767030,2026-07-08,Marvel Rivals' Season 9 update will affect 80% of its roster as NetEase throws balance out the window for a more 'fun' approach to the game,news
2767030,2026-07-08,Season 9: The Mystery of Thebes // Dev Vision Vol. 19,news
2767030,2026-07-03,The internet is agog at Captain America's hog,news
2767030,2026-07-02,Marvel Rivals Version 20260702 Patch Notes,news
2767030,2026-06-25,Marvel Rivals Version 20260625 Patch Notes,news
2767030,2026-06-18,Marvel Rivals Version 20260618 Patch Notes,news
2767030,2026-06-11,Marvel Rivals: Dive Into Season 8.5 // Dev Vision Vol. 18,news
2767030,2026-06-11,Marvel Rivals Version 20260612 Patch Notes - Season 8.5 Arrives,news
2767030,2026-06-04,Marvel Rivals Version 20260604 Patch Notes,news
2767030,2026-05-28,Marvel Rivals Version 20260528 Patch Notes,news
2767030,2026-05-26,Marvel Rivals has banned 485 accounts and dished out just 3 hardware bans after the latest slew of cheaters but players are begging for more,news
2767030,2026-05-21,Marvel Rivals Version 20260521 Patch Notes,news
2767030,2026-05-15,HD Texture Pack Feature Optimization,news
2767030,2026-05-14,Marvel Rivals has added a literal T. rex to the game alongside nerfing some Strategists and I don't know what's more surprising,news
2767030,2026-05-14,Marvel Rivals Version 20260515 Patch Notes - Season 8 Begins!,news
2767030,2026-05-14,Marvel Rivals Version 20260515 Balance Post,news
2767030,2026-05-14,Season 8: Sins of Alchemax// Dev Vision Vol. 17,news
2767030,2026-05-07,Marvel Rivals Version 20260507 Patch Notes,news
2767030,2026-04-30,Marvel Rivals Version 20260430 Patch Notes,news
2767030,2026-04-23,Marvel Rivals Version 20260423 Patch Notes,news
2767030,2026-04-16,Marvel Rivals Version 20260417 Patch Notes - Season 7.5 Arrives,news
2767030,2026-04-15,Marvel Rivals: Season 7.5 Begins // Dev Vision Vol. 16,news
2767030,2026-04-09,Marvel Rivals Version 20260409 Patch Notes,news
2767030,2026-04-02,Marvel Rivals Version 20260402 Patch Notes,news
2767030,2026-03-26,Marvel Rivals Version 20260326 Patch Notes,news
2767030,2026-03-25,"Marvel Rivals producer says 'it's not the time' for original heroes, the devs are more concerned with its UI",news
2767030,2026-03-20,Cap's Combat Mechanic & Extra Balance 20260320,news
2767030,2026-03-19,Marvel Rivals Version 20260320 Patch Notes - Season 7 Begins!,news
2767030,2026-03-19,Season 7: The Hunt Is On // Dev Vision Vol. 15,news
2767030,2026-03-19,Marvel Rivals Version 20260320 Balance Post,news
2767030,2026-03-12,Marvel Rivals Version 20260312 Patch Notes,news
2767030,2026-03-09,Marvel Rivals is enacting 'Victim Compensation Protocol' for everyone who has been negatively affected by the incentivised throwing epidemic: 'The system will automatically restore lost points',news
1091500,2026-07-06,CD Projekt Red thanks 6000 Edgerunners 2 advance viewers for not spoiling the show in stunning display of opsec: 'Thank you so much for keeping your promise properly',news
1091500,2026-06-29,"We finally got our first good look at Cyberpunk: Edgerunners 2, and I hate to break it to you but I don't think this one's gonna have a happy ending either",news
1091500,2026-06-28,"After a 4-year wait, Netflix announces Cyberpunk: Edgerunners 2 is coming this fall",news
1091500,2026-06-22,"CD Projekt Red boss believes Cyberpunk 2077 cost developer fans, pins hopes on The Witcher 4",news
1091500,2026-06-21,CD Projekt Red boss believes some fans were forever burned by Cyberpunk 2077's disastrous launch: 'I'm convinced that we lost the faith of some people indefinitely',news
1091500,2026-06-20,"CD Projekt Red's CEO still thinks they need to finish their post-Cyberpunk redemption arc, and he's hoping The Witcher 4 will help",news
1091500,2026-06-04,"Witcher devs' Project Hadar will make you feel all of the open-world emotions, a new job ad suggests, though sorry it still isn't a cosmic Japanese horror game",news
1091500,2026-04-29,Cyberpunk 2077 gets a whole new ending thanks to a mod aimed at folks keen on riding off into the sunset with potential partner Judy Alvarez,news
1091500,2026-03-15,Новых дополнений для Cyberpunk 2077 не будет — CD Projekt RED подтвердила,news
1091500,2026-03-13,"As rumors about new a Witcher 3 expansion continue to swirl, CD Projekt pointedly says it has 'no plans for additional DLCs or expansions'—for Cyberpunk 2077",news
1091500,2026-03-13,"There's no secret Cyberpunk 2077 DLC coming, CD Projekt say, immediately setting themselves up for more nagging about secret Witcher 3 DLC",news
1091500,2026-01-06,Steam Global Top Sellers for week of 30 Dec 2025 — 6 January 2026,news
1091500,2025-12-30,Steam Global Top Sellers for week of 23 Dec — 30 December 2025,news
1091500,2025-12-02,Steam Global Top Sellers for week of 25 Nov — 2 December 2025,news
1091500,2025-11-27,"Cyberpunk 2's dev team is set to double in size by the end of 2027, hopefully meaning its cyberfoundations'll be laid by then",news
275850,2026-05-27,No Man's Sky now has its own Death Star with a laser so big it can 'destroy space station sized objects',news
275850,2026-05-27,Fight off deadly swarms and a big space hive in the latest No Man's Sky update,news
275850,2026-05-27,Introducing..No Man's Sky: The Swarm,news
275850,2026-05-27,"New No Man's Sky The Swarm update threatens the universe with a murderous, robotic hive - not the bees!",news
275850,2026-05-27,"Helldivers 2-esque war against a giant evil robo-eye beckons in No Man's Sky's The Swarm update, invading the galaxy right now",news
275850,2026-04-14,No Man's Sky channels a little Pokemon with the Xeno Arena update,news
275850,2026-04-08,New No Man's Sky Xeno Arena update adds a full-fledged Fight Club for your alien pets,news
275850,2026-04-08,Introducing No Man's Sky Xeno Arena,news
275850,2026-04-08,No Man's Sky's latest update is a whole new Pokémon-style creature-collection and battle system that's 'an entire multiplayer game all of its own',news
275850,2026-04-08,"Pokemon battles with space cows, dinosaurs and gaseous blobs are the premise of No Man's Sky's latest update, dubbed Xeno Arena",news
275850,2026-02-11,No Man's Sky Remnant update brings a fancy gravity gun and customizable trucks,news
275850,2026-02-11,Introducing...No Man's Sky Remnant!,news
275850,2026-02-11,No Man's Sky's latest update is all about rubbish-flinging spacetrashpeople with gravity guns and interstellar trucks,news
275850,2025-11-09,"No Man's Sky is rerunning all of its expeditions from 2025, while also giving players another chance to add Mass Effect's Normandy to their spaceship collection",news
275850,2025-10-22,No Man's Sky embraces the 'thrill of space-walking' with new space wrecks to explore and salvage,news
275850,2025-10-22,No Man's Sky adds ship wreck salvaging for new bits to stick on your own craft with the Breach update,news
275850,2025-10-22,"New No Man's Sky update makes the most of its brilliant ship overhaul, giving you more reasons to explore the stars",news
275850,2025-10-22,Introducing...No Man's Sky Breach,news
275850,2025-10-07,"No Man's Sky drops to its lowest price, but the deal is blasting off very soon",news
275850,2025-08-28,No Man's Sky soars on Steam once more thanks to a huge update and a deep sale,news
275850,2025-08-27,No Man's Sky Voyagers free update released with modular Corvette ships you build yourself,news
275850,2025-08-27,Introducing...No Man's Sky: Voyagers,news
275850,2025-08-27,No Man's Sky adds buildable custom spaceships big enough to fit all your friends on board,news
275850,2025-08-27,No Man's Sky's Voyagers update adds in big custom ships crewed by you and your mates,news
275850,2025-06-05,No Man's Sky Beacon is another huge free update,news
275850,2025-06-04,No Man's Sky just got another mondo update and I think it's a management game now?,news
275850,2025-06-04,Introducing...No Man's Sky BEACON,news
275850,2025-06-04,New No Man's Sky update lets you become a galactic mayor,news
275850,2025-05-12,"Sean Murray pours one out for No Man's Sky permadeath player who stranded himself in bittersweet space purgatory: 'All I can do is sit in my ship, watch the lightning storms, and wait for my oxygen to run out'",news
275850,2025-03-26,"No Man's Sky's latest update, Relics, lets you become the space version of Ross from Friends by collecting big dead alien fossils",news
275850,2025-03-26,Dig up planets for skeletons and fight huge guardians in the latest No Man's Sky update,news
275850,2025-03-26,"No Man’s Sky lets you unearth ancient, angry mechs in the astro-archaeology filled Relics update",news
275850,2025-03-26,Introducing...No Man's Sky: RELICS,news
275850,2025-03-26,New No Man's Sky update lets you dig for fossils of long-lost creatures,news
275850,2025-02-12,"Expedition 17: ""Titan"" Now Live!",news
275850,2025-01-29,"No Man's Sky - Worlds Part II brings Gas Giants, New Story Missions, Trillions of New Planets",news
275850,2025-01-29,Introducing...Worlds Part II,news
275850,2025-01-29,"No Man's Sky's Worlds Part 2 update brings ""billions of new stars and planets"" including huge gas giants, but I'm curious about the wrath of its trippy flying squid mums",news
578080,2026-07-15,Dress Like a Champion: PGC 2025 Champion Set Released!,news
578080,2026-07-14,July Store Update 2026,news
578080,2026-07-14,Map Service Report - Update 42.2,news
578080,2026-07-14,Patch Notes - Update 42.2,news
578080,2026-06-16,Patch Notes - Update 42.1,news
578080,2026-06-16,Map Service Report - Update 42.1,news
578080,2026-06-16,June Store Update 2026,news
1938090,2026-07-13,Call of Duty: Black Ops 7 and Warzone - Season 05,news
1938090,2026-06-22,Call of Duty: Black Ops 7 and Warzone - Season 04 Reloaded,news
1938090,2026-06-04,Call of Duty: Black Ops 7 and Warzone - Season 04 - Live,news
1938090,2026-06-02,Call of Duty: Black Ops 7 and Warzone - Season 04,news
1938090,2026-06-02,Call of Duty: Modern Warfare 4 | Vault Edition Trailer,news
1938090,2026-05-28,Modern Warfare 4 Editions: Pre-order Benefits Detailed,news
1938090,2026-05-04,Call of Duty Endowment Military Appreciation Month presented by USAA,news
1938090,2026-04-23,Reloaded Recon: Black Ops 7 and Call of Duty: Warzone Season 03,news
1938090,2026-04-02,Call of Duty: Black Ops 7 and Warzone - Season 3 - Live Now,news
1938090,2026-04-01,"Introducing the Season 03 Battle Pass, BlackCell, and New Store Bundles",news
1938090,2026-03-06,Call of Duty: Black Ops 7 and Call of Duty: Warzone Season 02 Reloaded,news
1938090,2026-02-05,Call of Duty: Black Ops 7 and Warzone - Season 2 - Live Now,news
1938090,2026-02-05,"Introducing the Season 02 Battle Pass, BlackCell, and New Store Bundles",news
1938090,2026-02-05,RICOCHET Anti-Cheat™ Update – Season 02,news
1938090,2026-01-30,Black Ops 7 and Call of Duty: Warzone Season 02 - Part 2,news
1938090,2026-01-29,Black Ops 7 and Call of Duty: Warzone Season 02 - Part 1,news
1938090,2025-12-04,Call of Duty: Black Ops 7 and Warzone - Season 1 - Live,news
1938090,2025-12-03,Call of Duty: Black Ops 7 and Warzone Season 1 - All You Need to Know - Part 2,news
1938090,2025-12-03,Call of Duty: Black Ops 7 and Warzone Season 1 - All You Need to Know - Part 1,news
1938090,2025-10-24,Call of Duty: Black Ops 7 - The Biggest Black Ops Ever,news
1938090,2025-10-09,The Haunting of Call of Duty: Season 06 - Now Live,news
1938090,2025-09-04,Call of Duty: Black Ops 6 and Call of Duty: Warzone Season 05 Reloaded,news
1938090,2025-08-19,Worldwide Reveal: Call of Duty: Black Ops 7: Initial Briefing,news
1938090,2025-08-08,RICOCHET Anti-Cheat™ Update – Season 05,news
553850,2026-07-07,Machinery of Oppression: 6.3.1,news
553850,2026-06-16,Machinery of Oppression: 6.3.0,news
553850,2026-06-09,Machinery of Oppression: 6.2.6,news
553850,2026-06-04,"""We didn't have the content needed to do it justice at the time"": Helldivers 2 is finally getting a roguelite system Arrowhead experimented with pre-launch",news
553850,2026-06-04,"Helldivers 2 is adding new war campaigns and full ship customization, to offer ""more valuable upgrades for every kind of player""",news
553850,2026-05-29,Machinery of Oppression: 6.2.5,news
553850,2026-05-28,Patch Delay Update,news
553850,2026-05-21,Optimizing Liberty - Incoming Patch: 27th May,news
553850,2026-05-19,Machinery of Oppression: 6.2.4,news
553850,2026-05-08,Transmission from Super Earth Command,news
553850,2026-05-06,Machinery of Oppression: 6.2.3,news
553850,2026-04-29,Proton Hotfix updated to fix HELLDIVERS 2 on Linux / SteamOS systems,news
553850,2026-04-28,"Helldivers 2 isn't a cosy game, but the tranquil forests and beefed up exosuits of its latest patch might convince you it is",news
553850,2026-04-28,Machinery of Oppression: 6.2.2,news
553850,2026-03-25,Machinery of Oppression: 6.1.1,news
553850,2026-03-17,Revealing our Machinery of Oppression Content Roadmap!,news
553850,2026-03-17,Helldivers 2 update is set to unleash new missions to combat Illuminate alien exostorms and battle some fresh squid enemies this week,news
553850,2026-03-17,Machinery of Oppression: 6.1.0,news
553850,2026-03-05,Helldivers 2 Large Build Delist,news
553850,2026-02-24,Steam Global Top Sellers for week of 17 Feb — 24 February 2026,news
553850,2026-02-10,Machinery of Oppression 6.0.3,news
553850,2026-02-04,"Helldivers 2 tops the Steam sales charts for its second birthday, thanks to a new tank and returning favorite weapon",news
553850,2026-02-03,HELLDIVERS 2 has a big new event to take down the Automatons and you get tanks,news
553850,2026-01-22,"Helldivers 2 gets new stealth missions today, and its super-slimmed install size version is finally ready to take over",news
553850,2026-01-22,Into the Unjust: 5.0.2,news
292030,2026-06-20,"CD Projekt Red's CEO still thinks they need to finish their post-Cyberpunk redemption arc, and he's hoping The Witcher 4 will help",news
292030,2026-06-11,"Witcher 3 modders are restoring the RPG's massive cut plague questline, just in case CD Projekt's Songs of the Past expansion isn't enough extra Geralt",news
292030,2026-05-30,The Witcher 3 sold another 5 million copies over the last year: 'This cements its place among the best-selling videogames in history',news
292030,2026-05-28,'Proper big': The Witcher 3's new expansion will be 'closer to Blood and Wine' in scope,news
292030,2026-05-28,Witcher 3 modders have already added Geralt's new sword from the Songs of the Past expansion to the base game,news
292030,2026-05-27,The Witcher 3 reveals new system requirements and it's now Windows 11 or nothing,news
292030,2026-05-27,The Witcher 3: Wild Hunt - Songs of the Past DLC announced,news
292030,2026-05-27,Geralt's back for one last Roach ride in long-rumoured The Witcher 3: Wild Hunt expansion Songs of the Past,news
292030,2026-05-27,CD Projekt Red confirms it's working on The Witcher 3: Wild Hunt expansion after accidentally leaking it on its own storefront,news
292030,2026-05-27,"It's official, The Witcher 3 is getting new DLC, and it's a full-sized Geralt story",news
292030,2026-05-27,Announcing The Witcher 3: Wild Hunt - Songs of the Past,news
292030,2026-04-07,The Witcher 3 multiplayer mod's latest major update adds the only mount you'll ever need - your fellow players,news
292030,2026-03-23,"The Witcher 3 modders are still discovering and restoring deleted scenes, including one that adds new texture to the game's best villain",news
292030,2026-03-13,"There's no secret Cyberpunk 2077 DLC coming, CD Projekt say, immediately setting themselves up for more nagging about secret Witcher 3 DLC",news
292030,2026-02-08,"Get ready for The Witcher 4 with this new, Ciri-led Witcher 3 story mod inspired by the sequel's reveal trailer",news
292030,2026-02-08,Witcher 3 mod restores a darker ending for the Hearts of Stone expansion that was cut during development,news
292030,2026-01-08,Witcher 3 DLC rumors pick up strength as IGN Poland says it knew about all of this years ago,news
292030,2025-12-24,Polish analyst adds fuel to rumors that The Witcher 3 will get new DLC in 2026 to set up The Witcher 4,news
292030,2025-12-19,"Here are our favorite Steam Winter Sale 2025 deals, including The Witcher 3 for $4 and Arc Raiders' first price drop",news
292030,2025-12-11,"Leaks claim that new Witcher 3 DLC may appear at The Game Awards, ten years after the RPG's launch",news
292030,2025-11-15,"Before The Witcher 3 launched, CD Projekt was terrified that Batman: Arkham Knight would flatten it with its Batmobile: 'They're just gonna roll over us'",news
292030,2025-10-29,This gorgeous Witcher 3 gaming gear is the perfect way to celebrate its 10th anniversary,news
292030,2025-09-25,The surprise Witcher 3 patch adding cross-platform mod support is delayed until 2026,news
292030,2025-08-18,Best Witcher 3 settings for PC and Steam Deck,news
292030,2025-06-09,"The Witcher 3 once had a suicide mission ending 'inspired by Mass Effect 2,' a quest where Geralt joined the Wild Hunt, and a version of its vampire-focused Blood and Wine DLC without vampires",news
292030,2025-05-30,The Witcher 3 is getting 'one more patch' that will add cross-platform mod support,news
489830,2026-03-24,Popular Skyrim mod returns after 9 years with a major update and a full source code release to keep it relevant 'for many years to come',news
489830,2025-10-31,Find your next Skyrim adventure in these mini DLC-sized Creations!,news
489830,2025-01-02,Skyblivion only has one region of the map left to finish: 'We are nearly ready to release an entirely remastered Elder Scrolls game',news
489830,2024-07-25,Nvidia just revealed a new way to play Skyrim,news
489830,2023-12-05,Skyrim's latest patch has pissed off players for two reasons: It broke old mods and added new paid ones,news
489830,2023-07-05,You can now experience Skyrim on yet another platform,news
489830,2023-05-15,Cut content mod restores Skyrim's vampires to their former glory,news
2054970,2026-07-14,"With Dragon's Dogma 2's new infinite fast travel, Dark Arisen's director wants you to know they're ""not forcing"" you to use it",news
2054970,2026-06-26,Dragon's Dogma 2: Dark Arisen and Expansion DLC pre-orders now live on Steam!,news
2054970,2026-06-10,The first of two major title updates arrives to enhance your DD2 experience!,news
2054970,2026-06-10,Capcom анонсировала Dragon’s Dogma 2: Dark Arisen — игра доберётся до Nintendo Switch 2,news
2054970,2026-06-09,"Dragon's Dogma 2 is getting a frosty Dark Arisen expansion, plus two big updates that fix some of the things you moaned about back in 2024",news
2054970,2026-06-09,"Expansion DLC announced! Dragon's Dogma 2: Dark Arisen launches October 9, 2026",news
2054970,2026-04-21,"As DLC rumors swirl, grab Dragon's Dogma 2 at its lowest price yet, with a free game thrown in too",news
2054970,2026-03-23,"Pass me the hopium, because Dragon's Dogma 2 might be teasing its first DLC",news
2054970,2026-01-29,"Dragon's Dogma 2 is a chaotic yet brilliant RPG, and you haven't got long to get it cheaper than ever",news
2054970,2025-06-23,"At under $30, Dragon's Dogma 2 is now at its lowest price ever",news
2054970,2025-04-09,To all Dragon's Dogma 2 players on Steam - Title Update,news
2054970,2025-01-29,To all Dragon's Dogma 2 players on Steam - Title Update,news
2054970,2024-11-01,Grab Dragon's Dogma 2 for its lowest price yet,news
2054970,2024-10-31,To all Dragon's Dogma 2 players on Steam - Title Update,news
2054970,2024-10-17,To all Dragon's Dogma 2 players on Steam - Title Update,news
2054970,2024-10-04,To all Dragon's Dogma 2 players on Steam - Title Update,news
2054970,2024-09-18,New update for Dragon's Dogma 2 and on sale now!,news
2054970,2024-09-17,"Dragon's Dogma 2 long-awaited CPU fix is finally live, and it works",news
2054970,2024-09-17,To all Dragon's Dogma 2 players on Steam - Title Update,news
2054970,2024-09-11,"Dragon's Dogma 2 is finally getting fixed on PC, six months late",news
2054970,2024-07-12,To all Dragon's Dogma 2 players on Steam - Title Update,news
2054970,2024-06-28,"You can now start Dragon's Dogma 2 for free, and it's on sale, too",news
2054970,2024-06-27,To all Dragon's Dogma 2 players on Steam - Title Update,news
377160,2026-05-27,Fallout 4 Update - May 27th,news
377160,2026-03-25,"Only a ""skeletal crew"" are left working on Fallout: London, and the massive mod's next DLC will miss a planned April release window",news
377160,2026-01-24,"Fallout 4 feels like a brand new game now that it's forcing me to take naps, drink plenty of water, and not save scum",news
377160,2025-12-23,"Fallout 4's lead designer reckons it is the 'most replayable' game in the series thanks to its interweaving quests, which I'm sure will go down swimmingly with New Vegas sickos",news
377160,2025-12-16,Fallout 4 December Patch - now available,news
377160,2025-11-25,"Another Fallout 4 update fixes performance issues while leaving modders angry, but it doesn't have to be this way",news
377160,2025-11-21,Fallout 4 - November Patch Now Available,news
377160,2025-11-21,"Fallout 4's anniversary update ""didn’t quite land with the impact many hoped for"", so Nexus Mods have assembled their own",news
377160,2025-11-17,Fallout 4 - November 17th Hotfix,news
377160,2025-11-13,Bethesda is 'actively investigating' the Fallout 4 problems that Bethesda caused with its latest Fallout 4 update,news
377160,2025-11-13,Watch the Fallout Season 2 Official Trailer,news
377160,2025-11-13,"As the Fallout 4 Anniversary Edition causes chaos, Bethesda promises two patches, but you'll be waiting a while",news
377160,2025-11-13,"Maybe hold off a bit longer on reinstalling your Fallout 4 mods, as Bethesda have two anniversary update patches planned",news
377160,2025-11-13,Fallout 4 Upcoming Hotfixes and Creation Storage Increase,news
377160,2025-11-12,"How to get all Anniversary Edition quests, companions, and items in Fallout 4",news
377160,2025-11-11,"Fallout 4's Creations Bundle stumbles from the Vault to Mostly Negative reviews, as players lament the pack 'does not work' and 'made the game buggier'",news
377160,2025-11-10,"Todd Howard says that Fallout 4's cinematic dialogue system 'really did not resonate' with players, even though Bethesda 'spent forever' working on it",news
377160,2025-11-05,"Ditch any Fallout 4 mods which mess with the main menu ahead of its anniversary edition update, Bethesda warn",news
377160,2025-11-05,Bethesda just can't help itself: It's gearing up to break some Fallout 4 mods one last time for the road—but at least it's just the main menu ones this time,news
377160,2025-11-04,Fallout 4 - Creations Menu Update - November 10th,news
377160,2025-10-23,Fallout 4 is getting the Skyrim treatment with a 10th anniversary edition that includes all the expansions and a mountain of Creation content,news
377160,2025-08-15,Fallout 4 is a surprisingly competent zombie experience,news
377160,2025-06-02,"Fallout: London’s DLC is still “coming soon”, but you can now immersively drink its irradiated tea in VR",news
377160,2025-04-30,"Oblivion Remastered's version of Skyrim's essential Unofficial Patch mod has arrived in uber-quick fashion, but it currently only looks to fix OG Oblivion bugs",news
377160,2025-02-11,"If you ask Walton Goggins, Fallout season 1 was ""extraordinary"", but season 2 ""blows it out of the water"", so you better cross your irradiated fingers and toes we don't have to wait too long for it",news
377160,2025-02-07,"""Big things are coming!"" Fallout: London's first DLC sounds like it's not too many Tube stops away, as Team FOLON teases ""maybe some more surprises too""",news
377160,2025-01-31,"""There's a lot of love in this world"" Elder Scrolls and Fallout voice actor Wes Johnson provides video update following medical emergency",news
377160,2025-01-27,"UPDATE: Iconic Elder Scrolls and Fallout voice actor Wes Johnson suffers medical emergency, fundraiser to ""help his family"" raises over $130,000 in a day",news
377160,2025-01-13,"Fallout 2 remake mod Fallout 4: Project Arroyo releases its version of the classic Pip-Boy 2000, as a wonderfully boxy taste of what to expect",news
377160,2025-01-12,Huge Fallout 2 fan remake teases players with new mod and in-universe commercial,news
377160,2024-12-19,Would Fallout 76's devs be open to doing playable super mutants? The game's lead producer says it could depend on how much people like going ghoul,news
377160,2024-12-12,"Sorry, but Fallout and Arcane's Ella Purnell wants to stay away from more video game adaptations, and she's right to do so",news
1172470,2026-07-16,Find Your Perfect Squadmate - Matchmaking Recruitment Drive,news
1172470,2026-07-15,Apex Legends: Latest Update - 07/15/2026,news
1172470,2026-07-13,An Update from the Anti-Cheat Team - 07/13/2026,news
1172470,2026-07-09,An Update from the Anti Cheat Team - Auto Aim Manipulation,news
1172470,2026-07-09,Apex Legends: Latest Update 7/9/2026,news
1172470,2026-07-03,Apex Legends: Latest Update 7/2/2026 3:15PM PT,news
1172470,2026-07-02,Apex Legends: Latest Update 7/2/2026,news
1172470,2026-07-01,Apex Legends: Latest Update 7/1/26 as of 2:00pm PT,news
1172470,2026-07-01,Apex Legends: Latest Update 7/1/2026,news
1172470,2026-07-01,Apex Legends: Latest Update 6/30/2026,news
1172470,2026-06-26,Apex Legends: Latest Update 6/26/26,news
1172470,2026-06-26,Apex Legends: Latest Update - 06/25/2026 - 5:20PM PT,news
1172470,2026-06-26,Apex Legends: Latest Update - 06/25/2026,news
1172470,2026-06-25,Apex Legends: Latest Update - 06/24/2026 - 6:00pm PT,news
1172470,2026-06-25,Apex Legends: Latest Update 6/24/26,news
1172470,2026-06-23,Apex Legends: Latest Update - 06/23/2026,news
1172470,2026-06-22,Apex Legends™: Overclocked Midseason Patch Notes,news
1172470,2026-06-18,Overclocked Midseason Designer’s Notes,news
1172470,2026-06-18,Apex Legends: Latest Update - 06/17/2026,news
1172470,2026-06-17,An Update from the Anti Cheat Team - 06/17/2026,news
1172470,2026-06-09,Apex Legends: Latest Update 6/9/2026,news
1172470,2026-06-08,Apex Legends: Matchmaking Tests Update,news
1172470,2026-06-05,Apex Legends: Latest Update 6/5/2026,news
1172470,2026-06-04,Apex Legends: Latest Update 6/4/2026,news
1172470,2026-06-02,Apex Legends: Latest Update 6/2/2026,news
1172470,2026-05-30,Apex Legends: Latest Update 5/29/2026,news
1172470,2026-05-28,Apex Legends: Latest Update 5/28/2026,news
1172470,2026-05-28,Latest Update 5/27/26 (As of 5:16 PM PT),news
1172470,2026-05-27,Apex Legends: Latest Update 05/27/2026,news
1172470,2026-05-27,Apex Legends: Latest Update 5/26/26,news
1172470,2026-05-26,"[AMA] Chatting about Axle, with Axle herself",news
1172470,2026-05-22,Apex Legends: Latest Update 5/22/202 (As of 3:20pm PT),news
1172470,2026-05-21,An Update from the Anti Cheat Team - 05/21/2026,news
1172470,2026-05-19,Matchmaking Test - Short Delay,news
1172470,2026-05-13,Find Your Perfect Squadmate - Matchmaking Recruitment Drive,news
1172470,2026-05-12,Apex Legends: Latest Update 5PM PT,news
1172470,2026-05-11,Apex Legends: Latest Update 5/11/2026,news
1085660,2026-07-13,"Warframe creative director says Destiny 2's end is tragic, because even with hard work 'the business side of this industry always gets the last remark'",news
1085660,2026-07-09,Destiny 2 players get a final farewell gift from Bungie,news
1085660,2026-07-08,"Well, at least one good thing's come out of Destiny 2's demise: lob tomatoes at ex-Bungie CEO Pete Parsons' car collection in this fan-made boss battler",news
1085660,2026-06-25,"Following the last Destiny 2 update, layoffs at Bungie are underway, with most of the shooter's team affected",news
1085660,2026-06-24,"'Don't blame yourselves' for Destiny 2's end, community lead tells players: 'No words can accurately depict how lucky we are to have shared these worlds with you'",news
1085660,2026-06-23,"""Truthfully, it's heartbreaking"": Warframe dev on the hole that Destiny 2 leaves behind",news
1085660,2026-06-22,"Bungie's at a crossroads: Should Destiny 3 be a live service, just a campaign, or something else entirely?",news
1085660,2026-06-18,This Week in Destiny – 06/18/2026,news
1085660,2026-06-17,Bungie will let Destiny 2 'near infinite damage' bug ride for a week: 'Do your thing',news
1085660,2026-06-16,"An obscure new game-breaking Destiny bug lets you one-hit bosses, and I don't think Bungie's gonna let this one slide (Update: Bungie is letting it slide... for a little bit)",news
1085660,2026-06-13,"It's bittersweet that the best time to play Destiny 2 in years coincides with its end, but I'm happy for the new players who get to experience its most liberating iteration yet",news
1085660,2026-06-12,Former Destiny 2 CM claims Bungie was 'very close to shutting its doors' before the buyout,news
1085660,2026-06-12,"I'm sad, I'm angry, I'm interested: Destiny's final cutscenes are a painful end to a new saga cut short",news
1085660,2026-06-11,Time to get a little sadder about Destiny 2: TWIDs are coming to an end,news
1085660,2026-06-11,This Week In Destiny - 06/11/2026,news
1085660,2026-06-10,All 26 new catalysts in Destiny 2's final update,news
1085660,2026-06-10,How to complete the Distortions quest in Destiny 2,news
1085660,2026-06-10,How to score a goal in the hidden net in Destiny 2,news
1085660,2026-06-09,Monument of Triumph is Live,news
1085660,2026-06-09,Destiny 2's final update crushes the Steam concurrents peak hit by last year's Edge of Fate expansion,news
1085660,2026-06-09,The Collection Trailer,news
1085660,2026-06-09,Destiny 2: Monument of Triumph Update,news
1085660,2026-06-09,Destiny 2's final update – live coverage of the end of an era,news
1085660,2026-06-09,Destiny 2's final update — live coverage of the end of an era,news
1085660,2026-06-04,Monument of Triumph Trailer,news
1085660,2026-06-04,"'What was unravelling is suddenly stabilizing': Destiny 2's last update is getting an absurd 71 pages of patch notes, but its story is closing with a shrug",news
1085660,2026-06-04,This Week In Destiny - 06/04/2026,news
1085660,2026-06-03,"New games in June 2026: It's a big month for Bungie and showcase reveals, but we're missing a key part of the monthly formula",news
1085660,2026-06-03,"Destiny fans cry 'We Want Destiny 3' into void, void does not respond",news
1085660,2026-06-02,It's wild that Destiny 2's biggest ever quality-of-life update is the one that ends the game,news
1085660,2026-05-29,Bungie devs have resurrected an obscene amount of guns for Destiny 2's final update: 'My body physically hurts from the amount of items we were updating',news
1085660,2026-05-29,This Week In Destiny - 05/29/2026,news
1085660,2026-05-29,"Dev Insights - Weapons, Artifacts, & Focusing Preview",news
359550,2026-07-16,Rainbow Six Siege Mid-Season Update: Everything You Need to Know,news
359550,2026-07-15,DESIGNER'S NOTES: Y11S2.2 MID-SEASON UPDATE,news
359550,2026-07-14,Y11S2.2 MID-SEASON PATCH NOTES,news
359550,2026-06-30,"COMMUNITY CHECKPOINT #3 RECAP: RANKED 3.0, DOKKAEBI UPDATES & MORE",news
359550,2026-06-25,Y11S2.1 PATCH NOTES,news
359550,2026-06-08,R6 Regional Leagues - Stage 1 Has Begun!,news
359550,2026-06-02,OPERATION SYSTEM OVERRIDE BEGINS NOW,news
359550,2026-06-02,Y11S2 PATCH NOTES ADDENDUM,news
359550,2026-05-29,Y11S2 Streamer Charm,news
359550,2026-05-18,Operation System Override is coming,news
359550,2026-05-08,SALT LAKE CITY MAJOR,news
359550,2026-05-05,Y11S1.3 PATCH NOTES,news
359550,2026-04-16,COMMUNITY CHECKPOINT #2: Y11S1.2 UPDATES,news
359550,2026-04-14,Y11S1.2 PATCH NOTES,news
359550,2026-04-13,Y11S1.2 Designer's Notes,news
359550,2026-03-31,BLAST R6 Kickoff 2026,news
359550,2026-03-24,Y11S1.1 PATCH NOTES,news
359550,2026-03-03,OPERATION SILENT HUNT BEGINS NOW,news
359550,2026-03-03,Y11S1 PATCH NOTES ADDENDUM,news
359550,2026-02-18,Y11S1 DESIGNER'S NOTES,news
359550,2026-02-14,Six Invitational 2026 Brings Top Teams For Exciting Final Match,news
359550,2026-01-30,PLAYER PROTECTION IN YEAR 11,news
359550,2026-01-30,Solid Snake Is Set For A Tactical Addition to Rainbow Six Siege,news
359550,2026-01-19,Y10S4.2 PATCH NOTES,news
359550,2026-01-05,"Rainbow Six Siege X ""cyberattack"" sees players hit with bogus 'bans,' but Ubisoft assures source code and personal details are safe",news
359550,2025-12-29,"Rainbow Six Siege servers are back after hackers randomly doled out bans, unbans, rare skins and 'billions' in in-game currency",news
359550,2025-12-15,Rainbow Six Siege Devs Reflect on 10 Years and the Game’s Future,news
1517290,2026-05-13,Battlefield 6 | REDSEC Season 3 Live Now,news
1517290,2026-05-05,Battlefield 6 Season 3 Official Gameplay Trailer,news
1517290,2025-12-18,Get up to 30% off Battlefield 6,news
1517290,2025-11-04,Rogue Operators inbound,news
1517290,2025-10-07,"Get Ready for Battlefield 6 - Launch Times, Secure Boot and PC Specs",news
1517290,2025-09-09,'What a slap in the face': Battlefield 2042 players are raging about the 'Road to Battlefield 6' battle pass after a purchasable tier skip function is added,news
1517290,2025-09-08,BATTLEFIELD 2042 UPDATE #9.2.1,news
1517290,2025-08-29,Road to Battlefield 6 - Unlock your Battlefield 6 cosmetics,news
1517290,2025-08-21,Battlefield 6 freebies send 2042 Steam players soaring during mega sale,news
1517290,2025-08-18,"The Battlefield 6 beta may be over, but 2042's just gotten a massive new update",news
1517290,2025-08-18,BATTLEFIELD 2042 UPDATE #9.2.0,news
1517290,2025-08-05,Battlefield 6 - Community Update - Open Beta and the Road to Launch,news
1517290,2025-07-11,Battlefield Labs - Community Update - The Class System - Part Two,news
1517290,2025-06-13,BATTLEFIELD 2042 UPDATE #8.9.0,news
1517290,2025-05-26,SECURE BOOT REQUIREMENT ON SUPPORTED HARDWARE,news
1517290,2025-05-23,BATTLEFIELD 2042 UPDATE #8.8.0,news
1517290,2025-05-21,Battlefield Labs - Community Update - The Class System - Part One,news
1517290,2025-05-06,"BATTLEFIELD LABS - DEVELOPMENT UPDATE, MAY 2025",news
440,2026-07-14,Team Fortress 2 Update Released,news
440,2026-07-14,Team Fortress 2 Update Released,news
440,2026-07-14,Team Fortress 2 Update Released,news
440,2026-07-14,"RGL.gg Season 20 LAN Playoffs (Philadelphia, PA)",news
440,2026-07-14,"RGL.gg Season 20 LAN Playoffs (Philadelphia, PA)",news
440,2026-07-10,Team Fortress 2 Update Released,news
440,2026-07-10,Team Fortress 2 Update Released,news
440,2026-07-10,Team Fortress 2 Update Released,news
440,2026-07-09,Team Fortress 2 Update Released,news
440,2026-07-09,Team Fortress 2 Update Released,news
440,2026-07-09,Team Fortress 2 Update Released,news
440,2026-07-07,Team Fortress 2 Update Released,news
440,2026-07-07,Team Fortress 2 Update Released,news
440,2026-07-07,Team Fortress 2 Update Released,news
440,2026-06-23,UFR Video Contest,news
440,2026-06-23,UFR Video Contest,news
440,2026-06-04,TFCL Alpha Season 2,news
440,2026-06-04,TFCL Alpha Season 2,news
440,2026-05-29,ETF2L Highlander Season 35 Premiership Grand Final,news
440,2026-05-29,ETF2L Highlander Season 35 Premiership Grand Final,news
440,2026-05-28,AsiaFortress Summer 6s Finals,news
440,2026-05-28,AsiaFortress Summer 6s Finals,news
440,2026-05-25,Team Fortress 2 Update Released,news
440,2026-05-25,Team Fortress 2 Update Released,news
440,2026-05-25,Team Fortress 2 Update Released,news
440,2026-05-23,Team Fortress 2 Update Released,news
440,2026-05-23,Team Fortress 2 Update Released,news
440,2026-05-23,Team Fortress 2 Update Released,news
440,2026-03-20,MGE.tf 1v1 and 2v2 League,news
440,2026-03-20,MGE.tf 1v1 and 2v2 League,news
440,2026-03-11,Team Fortress 2 Update Released,news
440,2026-03-11,Team Fortress 2 Update Released,news
444090,2025-02-03,Wekono's Wake Hotfix 1,news
444090,2025-01-29,Wekono's Wake Update Notes,news
444090,2025-01-21,Wekono's Wake Post-PTS Adjustments,news
444090,2025-01-17,Year 8 of Paladins Begins!,news
444090,2024-12-17,Ska'drin Celebration Hotfix Notes,news
444090,2024-12-11,Ska'drin Celebration Update Notes,news
444090,2024-12-09,Developer Insights: Ska'drin Celebration PTS Changes,news
444090,2024-11-27,Ska'drin Celebration PTS Notes,news
444090,2024-11-21,Street Style: World Tour Hotfix Notes,news
444090,2024-10-30,Street Style: World Tour Update Notes,news
444090,2024-10-18,Street Style: World Tour PTS Notes,news
444090,2024-10-17,Developer Insights: Arcade & Gamemode Adjustments,news
444090,2024-10-09,Developer Insights: Talent Design & Philosophy,news
444090,2024-09-16,"Reality Warp Hotfix | September 16th, 2024",news
444090,2024-09-10,"This Week in the Realm | September 10th, 2024",news
444090,2024-09-04,Reality Warp Update Notes,news
444090,2024-08-23,Developer Insights: Wave Defense & Gamemodes,news
444090,2024-08-14,Developer Insights: Event Pass,news
444090,2024-07-31,Tidal Surge Hotfix Notes,news
444090,2024-07-24,Tidal Surge Update Notes,news
444090,2024-07-17,"This Week in the Realm | July 17th, 2024",news
444090,2024-06-11,"This Week in the Realm | June 11th, 2024",news
444090,2024-06-06,"Feudal Fables Hotfix 1 | June 6th, 2024",news
444090,2024-05-23,Paladins Chronicles: Burrowed Within,news
444090,2024-05-22,Feudal Fables Update Notes,news
444090,2024-05-21,"This Week in the Realm | May 21st, 2024",news
444090,2024-04-30,"This Week in the Realm | April 30th, 2024",news
444090,2024-04-17,April 2024 Hotfix Notes,news
444090,2024-03-27,"This Week in the Realm | March 27th, 2024",news
444090,2024-03-25,New in Paladins - Banners Fall Update,news
444090,2024-03-12,"This Week in the Realm | March 12th, 2024",news
444090,2024-03-05,"This Week in the Realm | March 5th, 2024",news
444090,2024-02-27,"This Week in the Realm | February 27th, 2024",news
1097150,2024-05-07,Fall Forever Update,news
1097150,2023-11-08,🔧FALL GUYS ‘TOOL UP’ UPDATE 🔧,news
1097150,2023-05-02,MAKE YOUR OWN MAYHEM IN FALL GUYS SEASON 4: CREATIVE CONSTRUCTION!,news
1097150,2022-11-23,SEASON 3: A DEEP DIVE INTO SUNKEN SECRETS!,news
1097150,2022-11-01,Patch notes Nov 1st,news
1097150,2022-09-12,SEASON 2: SATELLITE SCRAMBLE IS READY FOR LIFTOFF!,news
1097150,2022-07-07,TAKE A LEAP OF FAITH: EIVOR AND ODIN DIVE INTO FALL GUYS!,news
1097150,2022-06-21,Fall Guys now free on Epic but de-listed from Steam,news
1097150,2022-06-20,Future Updates on Steam,news
1097150,2022-05-16,Fall Guys is a free game next month,news
1097150,2022-03-31,"Bug Fixes, Content PLUS a free costume?!?",news
1097150,2022-03-04,60% off? In THIS economy?,news
1097150,2022-02-23,"Two years later, Fall Guys now has crossplay",news
1097150,2022-02-22,Fall Guys Season 6 Mid-Season Update: Crossplay Has Arrived!,news
1097150,2022-02-16,Fall With Honor: A Fame Path Reminder,news
1097150,2021-11-30,FALL GUYS SEASON 6: PARTY SPECTACULAR IS OUT NOW!,news
2215430,2026-07-08,Improved DualSense Edge support for Ghost of Tsushima DIRECTOR'S CUT,news
2215430,2025-12-16,Ghost of Tsushima Director's Cut PC now supports ML-based FSR Frame Generation,news
2215430,2025-11-25,Steam Global Top Sellers for week of 18 Nov — 25 November 2025,news
2215430,2025-10-28,Ghost of Tsushima gets Steam Deck Verified as the devs push the multiplayer into a DLC,news
2215430,2025-03-21,"Assassin's Creed Shadows' earliest mods include one that aims to make it look like Ghost of Tsushima, as reshaders Kanabo-slap the contrast up to max",news
2215430,2024-08-13,Ghost of Tsushima Director's Cut - Patch 7 Hotfix,news
2215430,2024-08-08,Ghost of Tsushima Director's Cut Patch 7 Release Notes,news
2215430,2024-07-22,Ghost of Tsushima Director's Cut - Legends Cross-play Hotfix,news
2215430,2024-07-15,Ghost of Tsushima Director's Cut - Patch 6 Hotfix,news
2215430,2024-07-11,Ghost of Tsushima Director's Cut Patch 6 Release Notes,news
2215430,2024-06-13,Ghost of Tsushima Director's Cut Patch 4 Release Notes,news
2215430,2024-06-06,Ghost of Tsushima Director's Cut - Legends Hotfix,news
2215430,2024-06-04,Ghost of Tsushima Director's Cut Patch 3 Release Notes,news
2215430,2024-06-04,Steam Global Top Sellers for week of 28 May — 4 June 2024,news
2215430,2024-05-29,Ghost of Tsushima Director's Cut - Standoff Hotfix,news
2215430,2024-05-28,Ghost of Tsushima Director's Cut Patch 2 Release Notes,news
2215430,2024-05-23,Ghost of Tsushima Director's Cut Patch 1 Release Notes,news
2215430,2024-05-19,Ghost of Tsushima DIRECTOR'S CUT peaks at 77k players,news
2215430,2024-05-14,Ghost of Tsushima Director's Cut PC launch details,news
1593500,2024-10-03,New God of War Ragnarok mod removes the game's most annoying feature,news
1593500,2023-12-09,"CoD dev says ""we've heard way worse,"" responds to MW3 joke from TGAs",news
1593500,2023-05-22,Patch v01.0.13 Released [Change to Credits Only],news
1593500,2022-12-06,"Lego God of War Ragnarok is free, out now, lets you press F to ""BOY""",news
1593500,2022-06-01,God of War PC update adds AMD FSR 2.0 support,news
1593500,2022-05-31,Patch v1.0.12 Released,news
1593500,2022-04-24,Sony wants someone to shape its Playstation PC plans,news
1593500,2022-03-25,Patch v1.0.11 Released,news
1593500,2022-03-24,Patch v1.0.10 Released,news
1593500,2022-03-23,Patch v1.0.9 Released,news
1593500,2022-02-18,Sony won't add exclusive fullscreen to God of War on PC,news
1593500,2022-02-17,Patch v1.0.8 Released,news
1593500,2022-02-11,"God of War PC update fixes crash that ""impacted high number of players"" after recent patch",news
1593500,2022-02-11,Patch v1.0.7 Released,news
1593500,2022-02-10,Experimental Build - Test Fix for Crashes,news
1593500,2022-02-09,Patch v1.0.6.1 Released,news
1593500,2022-02-08,Patch v1.0.6 Released,news
1593500,2022-02-04,God of War's latest patch tidies up around the place a bit,news
1593500,2022-02-04,Patch v1.0.5 Released,news
1593500,2022-01-29,New God of War patch adds a sharpness slider for DLSS,news
1593500,2022-01-28,Patch v1.0.4 Released,news
1593500,2022-01-24,Patch v1.0.3 Released,news
1593500,2022-01-19,Patch v1.0.2 Released,news
1174180,2026-05-27,"Red Dead Online wasn't a missed opportunity in the eyes of Take-Two's boss, but I'd say it's proof that following the GTA train doesn't guarantee the world",news
1174180,2025-10-09,Halloween Season Returns to Red Dead Online,news
1174180,2025-02-04,Steam Global Top Sellers for week of 28 Jan — 4 February 2025,news
1174180,2024-11-06,Celebrate Thanksgiving Season in Red Dead Online with Trader Bonuses,news
1174180,2024-07-30,Steam Global Top Sellers for week of 23 Jul — 30 July 2024,news
236850,2025-08-19,Europa Universalis V release date announced + Pre-Purchase available now!,news
236850,2025-05-01,Modathon Spotlight + New Modding Guide,news
236850,2025-02-21,Signups now open for Modathon Season 4,news
236850,2025-01-20,Europa Universalis IV 90% off for RTS Fest!,news
236850,2024-10-25,Community Mod Spotlight - Modathon Season 3,news
236850,2024-10-18,"Play Europa Universalis 4 for free this weekend, with a huge sale on everything",news
236850,2024-10-13,"Europa Universalis 4 is the cheapest it's ever been, right as four DLC are free",news
236850,2024-10-10,4 DLC free now in preparation for October 17th!,news
236850,2024-09-18,Hotfix 1.37.4 is Now Live!,news
236850,2024-09-13,"OPM - A Europa Universalis Podcast - Episode 1 - Will ""BigBoss"" Samelis",news
236850,2024-09-10,1.37.3 Patch is now LIVE!,news
236850,2024-09-05,Paradox are bundling four DLCs into Europa Universalis IV free for all players,news
236850,2024-09-04,Europa Universalis IV is folding four of its dozens of DLCs into the base game,news
236850,2024-09-04,Paradox is giving away $60 worth of Europa Universalis 4 DLC for free,news
236850,2024-09-03,Free DLCs for all Europa Universalis IV Players,news
236850,2024-08-14,Introducing the official Europa Universalis YouTube channel,news
236850,2024-06-28,Community Mod Spotlight - Ante Bellum - Blood and Iron,news
236850,2024-06-13,1.37.2 Patch is now LIVE!,news
236850,2024-05-26,Iconic grand strategy game removes Rome in huge alternate history mod,news
236850,2024-05-18,Community Mod Spotlight - Europa Expanded - Terra Incognita,news
236850,2024-05-16,1.37.1 Patch is now LIVE!,news
281990,2026-07-15,Stellaris 4.5 'Cygnus' Open Beta Update 4 (e6fd),news
281990,2026-07-10,Stellaris 4.5 'Cygnus' Open Beta Update 3 (aa56),news
281990,2026-07-09,Stellaris 4.4.6 hotfix released (fdde),news
281990,2026-07-09,Stellaris Dev Diary #428 - 4.5 ‘Cygnus’,news
281990,2026-07-07,Stellaris 4.5 'Cygnus' Open Beta updated (bfcc),news
281990,2026-07-07,Stellaris 4.4.5 patch released (2f57),news
281990,2026-07-02,"Stellaris Dev Diary #427 - We've Had One, Yes. But What About Second Open Beta?",news
281990,2026-06-25,"Steam Summer Sale, Stellaris Merch, and More!",news
281990,2026-06-24,Stellaris 4.4.4 patch released (5505),news
281990,2026-06-20,Stellaris celebrates 10 years (and a new DLC) with a free weekend and a 70% discount,news
281990,2026-06-18,"Stellaris 4.4.4 ""Pegasus"" Open Beta (3bc0) now available!",news
281990,2026-06-18,"Stellaris Dev Diary #425 - Nomads Roam the Galaxy, What's Next?",news
281990,2026-06-17,Stellaris 4.4.3 hotfix released (0a3d),news
281990,2026-06-17,"Stellaris' Nomads expansion finally lets me live out my Battlestar Galactica fantasies, though its Wayline system could definitely use some work",news
281990,2026-06-16,Stellaris 4.4.2 hotfix released (42fe),news
281990,2026-06-15,[Dev Team] stellaris_test updated with 4.4.2 (checksum 38b9),news
281990,2026-06-15,Stellaris: Nomads brings a whole new way to play the Paradox grand strategy game,news
281990,2026-06-15,Stellaris: Nomads is available now!,news
281990,2026-06-11,Stellaris Dev Diary #424 - Nomads and 4.4 'Pegasus' Preliminary Release Notes,news
281990,2026-06-04,"Stellaris Dev Diary #423 - Stellar Cannon, Civics, and The Hyacinth Found",news
281990,2026-05-11,Stellaris: Nomads will release June 15th!,news
281990,2026-05-11,Stellaris 4.3.7 hotfix patch released (checksum 4f3c),news
281990,2026-05-11,Stellaris 4.3.6 patch released (checksum 6ccb),news
281990,2026-05-10,"Stellaris is 10 years old and still getting DLC, which is impressive",news
281990,2026-05-10,Stellaris is getting space nomads and scenarios for its 10th birthday,news
281990,2026-04-29,Stellaris Dev Diary #418 - Announcing Nomads and Stellaris: Season 10,news
281990,2026-04-23,Stellaris Dev Diary #417 - Situation Log Updated,news
281990,2026-04-16,"Stellaris is finally getting rid of unemployment, but not without some extensive testing first",news
281990,2026-04-16,Stellaris Dev Diary #416 - Quality of Life Improvements,news
281990,2026-04-10,4.3.4 Open Beta (part two) is now on stellaris_test [checksum 44ba],news
281990,2026-04-09,"Stellaris is finally adding a major feature its director has wanted ""for a long time""",news
281990,2026-04-09,Stellaris Dev Diary #415 - The Gamma Menace,news
281990,2026-04-02,Stellaris Dev Diary #414b - Portrait Substitution System,news
281990,2026-03-31,Stellaris 4.3.3 patch released (checksum 456f),news
281990,2026-03-26,"Stellaris Dev Diary #413 - 4.3 ‘Cetus’ Has Released, What’s Next?",news
281990,2026-03-24,Stellaris 4.3.2 patch released (checksum 171a),news
281990,2026-03-20,4.3.2 Open Beta is now on stellaris_test [checksum 171a],news
281990,2026-03-19,The Paradox Steam Spring sale has begun!,news
281990,2026-03-19,Stellaris 4.3.1 hotfix release (checksum f646),news
289070,2026-05-06,Civ Streams: Civ VII's Test of Time Update,news
289070,2026-05-06,Civilization VII's Test of Time Update Coming May 19!,news
289070,2025-12-18,Deck the Halls (and Your Library): 2K Holiday Sale* is On!,news
289070,2025-11-20,Level Up Your Library: Black Friday Deals on the Best of 2K.,news
289070,2025-09-29,The 2K Autumn Sale!,news
289070,2025-07-17,You can get 4X royalty Civilization 6 with both expansions for free right now,news
289070,2025-06-26,Steam Summer Sale,news
289070,2025-06-23,Civilization VII Update 1.2.2 – Jun 23,news
289070,2025-06-23,Civilization VII's Steam Workshop is here!,news
289070,2025-03-13,The 2K Spring Sale!,news
289070,2025-03-05,"""Put him in a room, let him cook"" Civilization 7 developer Firaxis announces it's hired one of the series' top modders, with players hoping that's good UI news",news
289070,2025-02-22,"Grab 4X champion Civilization 6 and all DLC for 91% off, but be quick about it",news
289070,2024-12-20,"This Week in Civ: Ben Franklin, Harriet Tubman, and a Modern Age livestream!",news
289070,2024-11-25,2K Launcher Removal,news
289070,2024-11-15,Get Civilization 6 and the entire Sid Meier Collection for just $18,news
289070,2024-08-28,"If you're excited for Civilization 7, get Civ 6 for just $3",news
289070,2024-08-14,Civ VI Monthly Challenge: Rotating Reduxes,news
1142710,2026-07-16,Hotfix 8.1.1,news
1142710,2026-07-09,"Total War Warhammer 3's new attempt at fixing its campaign AI woes promises a ""more dynamic and interesting"" late game",news
1142710,2026-07-09,Twitch Extension,news
1142710,2026-07-09,Patch 8.1 Now Live,news
1142710,2026-06-02,Hotfix 8.0.2,news
1142710,2026-05-22,Hotfix 8.0.1,news
1142710,2026-05-21,Bhashiva Launch Trailer,news
1142710,2026-05-21,Bhashiva Character Pack & Update 8.0 Out Now!,news
1142710,2026-05-07,Hotfix 7.2.2,news
1142710,2026-04-28,Mod Manager Update,news
1142710,2026-04-21,Crossplay Patch 7.2.1,news
1142710,2026-03-19,Patch 7.2 Live Now,news
1142710,2026-02-16,Total War: Warhammer 3 is getting some absolutely murderous cats,news
1142710,2026-02-10,Patch 7.1 Live Now,news
1142710,2026-01-15,Hotfix 7.0.3 Now Live for All Players,news
1142710,2025-12-18,Winter Sale NOW ON!,news
1142710,2025-12-17,Total War: WARHAMMER III - Hotfix 7.0.3 BETA,news
1142710,2025-12-10,Hotfix 7.0.2,news
1142710,2025-12-07,Hotfix 7.0.1,news
1142710,2025-12-04,Patch 7.0 and Tides of Torment OUT NOW!,news
1142710,2025-12-04,Total War: WARHAMMER III - Lords of the End Times - Announce Trailer,news
1142710,2025-12-02,Tides of Torment - Patch 7.0: Introducing the Free Content and The Masque,news
1142710,2025-11-28,Tides of Torment - Release Times Map,news
1466860,2026-07-02,Update to Map Pool Rotation,news
1466860,2026-06-25,A Wave of Discounts with the Steam Summer Sale,news
1466860,2026-06-18,Age of Empires IV – Patch 16.2.10884,news
1466860,2026-06-07,Raiders of the North: Coming Soon to Age of Empires IV,news
1466860,2026-06-01,Age of Empires IV – Patch 16.2.10604,news
1466860,2026-05-12,Age of Empires IV – Minor Patch 16.1.10056,news
1466860,2026-05-07,Age of Empires IV: Yue Fei’s Legacy – Available Now!,news
1466860,2026-05-07,"Age of Empire 4's new DLC drops today, and the Jin Dynasty is a beautifully-realized civ",news
1466860,2026-04-30,Age of Empires IV – Update 16.1.9737 and Yue Fei’s Legacy DLC Release Preview,news
1466860,2026-04-02,Age of Empires IV: Yue Fei’s Legacy – Pre-Order Now!,news
1466860,2026-03-19,Spring Sale Is Happening Now!,news
1466860,2026-03-04,Age of Empires IV – Patch 15.4.8719,news
1466860,2026-02-04,Age of Empires IV – Patch 15.3.8338,news
1466860,2025-12-09,What’s Coming in 2026 for Age of Empires and Age of Mythology,news
1466860,2025-12-04,Age of Empires IV – Patch 15.2.7380,news
1466860,2025-11-21,Black Friday Sale Is Happening Now!,news
1466860,2025-11-12,Age of Empires IV – Minor Patch 15.1.7149,news
1466860,2025-11-05,"New Age of Empires 4 DLC is packed with civs and maps, but its experimental roguelike game mode is the real highlight",news
1466860,2025-11-04,Age of Empires IV – Patch 15.1.7064,news
1466860,2025-11-04,Dynasties of the East Available Now!,news
1466860,2025-10-30,Age of Empires IV – Season Twelve Update 15.1.6970,news
1466860,2025-09-03,The Crucible – Defend Your Wonder in Age of Empires IV: Dynasties of the East,news
1466860,2025-08-20,Age Franchise Sale Starting Now!,news
1466860,2025-08-19,Announcing Age of Empires IV New Expansion – Pre-Order Now!,news
1466860,2025-07-31,New Winds of Change Event Started!,news
1466860,2025-07-22,Age of Empires IV – Patch 14.1.5602,news
1466860,2025-06-26,Beat the Heat with the Steam Summer Sale!,news
1466860,2025-06-19,Age of Empires IV – Season Eleven Update Preview 14.0.4963,news
1466860,2025-06-11,Play the New Rise to Ruin Event,news
1466860,2025-05-13,Age of Empires IV – Patch 13.2.4553,news
1466860,2025-04-24,Steam Xbox Game Studios Publisher Sale Happening Now!,news
1466860,2025-04-22,Age of Empires IV – Patch 13.1.4420,news
1466860,2025-04-10,New Age of Empires 4 patch promises to fix DLC after mixed Steam reviews,news
252490,2026-07-02,"Rust's Common Ground update lets you set up clans, a shop, or kick back in your apartment",news
252490,2026-06-05,"Rust is having a Face Off moment with its new update, introducing new and improved character models",news
252490,2026-06-04,"Rust's latest update asks you to say goodbye to your old outdated face and hello to your new, handsome one",news
252490,2026-06-04,BUILT DIFFERENT,news
252490,2026-05-10,"Rust's latest update adds mortars but 'no visual guide to help you land shells,' so get ready for some chaos",news
252490,2026-05-07,"May's big Rust update adds new, rare workbench upgrades, if you can find them",news
252490,2026-05-05,"The latest Rust update is an absolute nightmare for roof campers, but I welcome it with open arms",news
252490,2026-04-04,Rust's Spring Clean update nerfs the shield meta and boosts early game energy,news
252490,2026-04-03,"Rust is getting hydro power through water wheels that can also be powered by humans: 'Before you ask, yes, you can force handcuffed players into them'",news
252490,2026-03-07,"Rust's new boats just got a lot more customizable, with longer days to build them",news
252490,2026-02-24,Steam Global Top Sellers for week of 17 Feb — 24 February 2026,news
252490,2026-02-05,The Rust Naval Update is here with base boat building and an optional plank meant to 'settle minor disagreements' with friends,news
252490,2026-02-05,"The Rust Naval update is just the start of an exciting year, as Facepunch promises to keep ""evolving"" with a new roadmap",news
252490,2026-02-05,NAVAL UPDATE,news
252490,2026-01-22,COMMUNITY UPDATE 268,news
252490,2026-01-02,"After Rust's ""massive"" Naval update, its to-do list includes an expanded ecosystem, breeding, and maybe a battle pass",news
252490,2026-01-01,SURVIVING 12 YEARS,news
252490,2025-12-22,Final Round of Voting - Rust in the Steam Awards,news
252490,2025-12-18,SEASONS BEATINGS,news
252490,2025-12-06,Rust's hotly anticipated naval update is delayed into 2026: 'We took on too much',news
252490,2025-12-04,"The Rust Naval update is delayed into 2026 as Facepunch admits, ""We bit off more than we could chew""",news
252490,2025-11-19,"Rust's 'Pivot or Die' update was meant to shake up the meta, but it's a nightmare for solo survivors that leaves me no choice but to die",news
252490,2025-11-07,"New Rust update brings a bigger wipe than usual, as a dramatic progression rework demands that you ""pivot or die""",news
346110,2026-01-17,ARK: Aquatica Official servers update,news
346110,2025-11-25,ARK: Aquatica and A.S.E. Progress 11/25,news
346110,2025-10-20,ARK: Aquatica and A.S.E. Progress 10/20,news
346110,2025-09-18,ARK: Aquatica and A.S.E. Progress 9/18,news
346110,2025-09-04,ARK: Aquatica and A.S.E. Progress 9/4,news
346110,2025-08-27,ARK: Aquatica and A.S.E. Progress 8/27,news
346110,2025-08-21,ARK: Aquatica and A.S.E. Progress 8/21,news
346110,2025-08-19,ARK: Aquatica and A.S.E. Progress 8/18,news
346110,2025-08-16,A Message from Studio Sirens,news
346110,2025-08-14,ARK: Aquatica and A.S.E. Progress 8/14,news
346110,2025-08-13,ARK: Aquatica and A.S.E. Progress 8/12,news
346110,2025-08-09,ARK: Aquatica and A.S.E. Progress 8/8,news
346110,2025-08-04,ARK: Aquatica and A.S.E. Progress 8/4,news
346110,2025-08-03,ARK: Aquatica and A.S.E. Progress 8/2,news
346110,2025-07-30,ARK: Aquatica and A.S.E. Progress 7/30,news
346110,2025-07-29,ARK: Aquatica and A.S.E. Progress 7/28,news
346110,2025-07-26,ARK: Aquatica and A.S.E. progress outlook 7/26,news
346110,2025-07-25,ARK: Aquatica and A.S.E. Progress 7/25,news
346110,2025-07-24,ARK: Aquatica and A.S.E. Progress 7/24,news
346110,2025-07-24,ARK: Aquatica and A.S.E. Progress 7/23,news
346110,2025-07-23,ARK: Aquatica and A.S.E. Progress 7/22 #2,news
346110,2025-07-22,ARK: Aquatica and A.S.E. Progress 7/22,news
346110,2025-07-22,ARK: Aquatica and A.S.E. Progress 7/21,news
346110,2025-07-21,ARK: Aquatica and A.S.E. Developer live stream 7/21,news
346110,2025-07-21,ARK: Aquatica and A.S.E. Progress 7/20,news
346110,2025-07-20,ARK: Aquatica and A.S.E. Progress 7/19,news
346110,2025-07-19,ARK: Aquatica and A.S.E. Progress 7/18 #2,news
346110,2025-07-18,ARK: Aquatica and A.S.E. Progress 7/18,news
346110,2025-07-18,ARK: Aquatica and A.S.E. Progress 7/17 #2,news
346110,2025-07-17,ARK: Aquatica and A.S.E. Progress 7/17,news
346110,2025-07-17,ARK: Aquatica and ASE progress,news
346110,2025-07-16,Snail Games apologizes for Ark Aquatica DLC as update breaks the survival game,news
346110,2025-07-16,ARK: Aquatica and A.S.E. announcement,news
346110,2025-07-15,ARK: Aquatica is out now!,news
346110,2025-07-15,"ARK: Aquatica, Pre-Release Dip",news
346110,2025-07-12,ARK: Aquatica Creature Files #2 + Bonus reveal,news
346110,2025-07-11,ARK: Aquatica Creature Files #1,news
346110,2025-07-10,Ark Aquatica release date confirmed as ASE braces for its exclusive expansion,news
346110,2025-07-09,ARK: Aquatica Release Date Announcement!,news
346110,2025-06-22,"New Cannonical ARK Expansion, Lost Colony, Now Available on ASA!",news
346110,2025-03-23,Ark devs distance themselves from AI-generated trailer: 'we did not know that they were doing it',news
346110,2025-03-21,"Ark Survival Evolved devs ""did not know"" about AI-generated Aquatica trailer",news
346110,2025-03-20,Six-armed octopuses and other abyssal horrors from Ark: Survival Evolved's new AI slop trailer,news
346110,2025-03-18,"Revealed out of the blue, Aquatica is Ark Survival Evolved's first DLC in ages",news
346110,2024-12-27,New free Ark survival game hits one million players in 24 hours,news
892970,2026-06-24,Word From the Devs: See You Soon!,news
892970,2026-06-10,Tell Us Your Valheim Story!,news
892970,2026-06-08,Valheim 1.0 arrives in September with the Deep North biome,news
892970,2026-06-07,Valheim Has A Release Date!,news
892970,2026-05-06,Patch 0.221.13 (Public Test),news
892970,2026-02-19,Patch 0.221.12,news
892970,2026-02-02,"Valheim gets a big birthday update with optimizations, Steam Deck upgrades and new content",news
892970,2026-02-02,Patch 0.221.10 – Five Years of Valheim!,news
892970,2025-10-28,Word from the Devs: Picking Up the Thread,news
892970,2025-09-18,Word From the Devs: We Fight On!,news
892970,2025-09-09,The big Call to Arms update for Valheim is out now,news
892970,2025-09-09,Patch 0.221.4 – Call To Arms,news
892970,2025-09-03,Patch 0.221.4 (Public Test),news
892970,2025-08-21,Word from the Devs: Ready For A Fight!,news
892970,2025-08-21,Valheim: Call To Arms major update announced with new combat mechanics and lots of new items,news
892970,2025-08-20,Patch 0.221.3 – Call To Arms (Public Test),news
892970,2025-04-01,Patch 0.220.5,news
892970,2025-03-19,Patch 0.220.4,news
892970,2025-03-17,Patch 0.220.4 (Public Test),news
892970,2025-03-04,Valheim should now start faster and perform better when CPU bound with a fresh upgrade,news
892970,2025-03-04,Patch 0.220.3,news
892970,2025-02-28,Patch 0.220.3 (Public Test),news
892970,2025-02-25,Patch 0.220.2 (Public Test),news
892970,2025-02-18,Patch 0.220.1 (Public Test),news
892970,2024-12-18,Development Blog: Happy Holidays!,news
892970,2024-11-20,Development Blog: Lighting the Way,news
892970,2024-11-19,Patch 0.219.16,news
892970,2024-11-13,Patch 0.219.16 (Public Test),news
892970,2024-10-30,Patch 0.219.14,news
892970,2024-10-29,Patch 0.219.13 – The Bog Witch,news
892970,2024-10-24,Patch 0.219.13 (Public Test),news
892970,2024-10-15,Survival game Valheim adds a new feast mechanic and The Bog Witch in testing,news
892970,2024-10-15,Patch 0.219.10 – The Bog Witch (Public Test),news
892970,2024-09-09,Patch 0.218.21 (Hotfix),news
892970,2024-08-27,Development Blog: New and Improved,news
892970,2024-08-27,Patch 0.218.21,news
892970,2024-08-20,Patch 0.218.21 (Public Test),news
242760,2025-10-03,Unity security update,news
242760,2023-10-22,The Forest peaks at 109k players,news
242760,2022-03-29,The Forest sequel delayed until October,news
242760,2021-12-02,The Forest gets a resurgence on Steam as Sons of the Forest lands a release date,news
242760,2019-12-13,Sons of the Forest is a demon-hunting sequel to the 'terrifying' survival game The Forest,news
242760,2019-09-10,V1.12 - VR,news
242760,2019-01-23,v1.11,news
242760,2018-12-12,Hotfix-v1.10d,news
242760,2018-12-11,"The Forest's free update adds hang gliders, crossbows and more monsters",news
242760,2018-12-10,V1.10,news
242760,2018-12-05,The Forest s mutant cannibal island gets even weirder in its next update,news
242760,2018-12-04,Update Trailer,news
242760,2018-10-28,New update details,news
242760,2018-08-17,v1.09,news
242760,2018-06-15,VR beta patch 3,news
242760,2018-06-08,Patch 1.08,news
242760,2018-05-29,VR beta patch 2,news
242760,2018-05-22,VR beta hotfix 1,news
242760,2018-05-22,The Forest VR Beta,news
242760,2018-05-17,V1.07,news
242760,2018-05-14,V1.06,news
242760,2018-05-08,V1.05,news
242760,2018-05-01,"Four years later, The Forest leaves early access",news
242760,2018-04-30,"The Forest fires a signal flare, escapes from early access",news
242760,2018-04-30,V1.0,news
242760,2018-04-30,Pre-release patch 04,news
242760,2018-04-30,Pre-release patch 03,news
242760,2018-04-29,The Forest gets a final final final pre-launch update,news
242760,2018-04-29,Pre-Release Patch 02,news
242760,2018-04-28,Pre-release patch,news
242760,2018-04-07,The Forest will leave behind four years of Early Access on April 30,news
